Model_ID,Batch_Size,Feature_length,Offset,D_Model,N_Head,FF_Dim,Num_Layers,Kernel_Size,Model_File,Log_File,Confusion_Matrix_File,Sequence Length,Start Year Dataset,Start Month Dataset,End Year Dataset,End Month Dataset,Test_Accuracy
bba953a9-594b-4b32-9e0b-2116ed465ac4,6,14,2,16,2,32,2,3,model_bba953a9-594b-4b32-9e0b-2116ed465ac4.pt,training_log_bba953a9-594b-4b32-9e0b-2116ed465ac4.txt,/content/drive/MyDrive/StockPrediction/confusionMatrix/confusion_matrix_bba953a9-594b-4b32-9e0b-2116ed465ac4.png,30,2019,0,2023,6,0.8530805687203792
36e32519-a322-4716-933f-9e5aa103958f,8,14,1,16,2,32,2,3,model_36e32519-a322-4716-933f-9e5aa103958f.pt,training_log_36e32519-a322-4716-933f-9e5aa103958f.txt,/content/drive/MyDrive/StockPrediction/confusionMatrix/confusion_matrix_36e32519-a322-4716-933f-9e5aa103958f.png,30,2019,0,2023,6,0.8483412322274881
d777dc6c-3f13-4b36-b3bd-3481d9c996bf,6,14,1,16,2,16,3,1,model_d777dc6c-3f13-4b36-b3bd-3481d9c996bf.pt,training_log_d777dc6c-3f13-4b36-b3bd-3481d9c996bf.txt,/content/drive/MyDrive/StockPrediction/confusionMatrix/confusion_matrix_d777dc6c-3f13-4b36-b3bd-3481d9c996bf.png,30,2019,0,2023,6,0.8436018957345972
d51668e9-594a-4fb3-b69d-ed826cad2f72,8,14,1,16,4,32,2,1,model_d51668e9-594a-4fb3-b69d-ed826cad2f72.pt,training_log_d51668e9-594a-4fb3-b69d-ed826cad2f72.txt,/content/drive/MyDrive/StockPrediction/confusionMatrix/confusion_matrix_d51668e9-594a-4fb3-b69d-ed826cad2f72.png,30,2019,0,2023,6,0.8436018957345972
71bbcb9f-2d88-4bfa-96de-5dba285cf196,6,14,1,16,2,32,3,3,model_71bbcb9f-2d88-4bfa-96de-5dba285cf196.pt,training_log_71bbcb9f-2d88-4bfa-96de-5dba285cf196.txt,/content/drive/MyDrive/StockPrediction/confusionMatrix/confusion_matrix_71bbcb9f-2d88-4bfa-96de-5dba285cf196.png,30,2019,0,2023,6,0.8341232227488151
507cf9de-4274-498f-a168-048a78ca1a62,6,14,1,16,2,16,3,3,model_507cf9de-4274-498f-a168-048a78ca1a62.pt,training_log_507cf9de-4274-498f-a168-048a78ca1a62.txt,/content/drive/MyDrive/StockPrediction/confusionMatrix/confusion_matrix_507cf9de-4274-498f-a168-048a78ca1a62.png,30,2019,0,2023,6,0.8341232227488151
09093744-ea32-4959-8a5e-6c44bc56bd04,8,14,1,16,2,16,2,3,model_09093744-ea32-4959-8a5e-6c44bc56bd04.pt,training_log_09093744-ea32-4959-8a5e-6c44bc56bd04.txt,/content/drive/MyDrive/StockPrediction/confusionMatrix/confusion_matrix_09093744-ea32-4959-8a5e-6c44bc56bd04.png,30,2019,0,2023,6,0.8341232227488151
a643bf67-5e5b-43e0-8abd-c1e694a45465,8,14,1,32,2,32,2,1,model_a643bf67-5e5b-43e0-8abd-c1e694a45465.pt,training_log_a643bf67-5e5b-43e0-8abd-c1e694a45465.txt,/content/drive/MyDrive/StockPrediction/confusionMatrix/confusion_matrix_a643bf67-5e5b-43e0-8abd-c1e694a45465.png,30,2019,0,2023,6,0.8341232227488151
12d6cce5-bf51-4008-beb1-ca3c1d9ce27f,6,14,1,32,2,32,2,1,model_12d6cce5-bf51-4008-beb1-ca3c1d9ce27f.pt,training_log_12d6cce5-bf51-4008-beb1-ca3c1d9ce27f.txt,/content/drive/MyDrive/StockPrediction/confusionMatrix/confusion_matrix_12d6cce5-bf51-4008-beb1-ca3c1d9ce27f.png,30,2019,0,2023,6,0.8293838862559242
69c532e3-88d4-4eae-b6d0-c0a06549899a,6,14,1,32,2,32,3,1,model_69c532e3-88d4-4eae-b6d0-c0a06549899a.pt,training_log_69c532e3-88d4-4eae-b6d0-c0a06549899a.txt,/content/drive/MyDrive/StockPrediction/confusionMatrix/confusion_matrix_69c532e3-88d4-4eae-b6d0-c0a06549899a.png,30,2019,0,2023,6,0.8293838862559242
93787105-85ea-4b6b-b084-5d33668267ca,6,14,2,16,4,16,2,1,model_93787105-85ea-4b6b-b084-5d33668267ca.pt,training_log_93787105-85ea-4b6b-b084-5d33668267ca.txt,/content/drive/MyDrive/StockPrediction/confusionMatrix/confusion_matrix_93787105-85ea-4b6b-b084-5d33668267ca.png,30,2019,0,2023,6,0.8293838862559242
09d744b5-4d75-4851-b421-689465eeeb8c,8,14,2,16,2,16,3,1,model_09d744b5-4d75-4851-b421-689465eeeb8c.pt,training_log_09d744b5-4d75-4851-b421-689465eeeb8c.txt,/content/drive/MyDrive/StockPrediction/confusionMatrix/confusion_matrix_09d744b5-4d75-4851-b421-689465eeeb8c.png,30,2019,0,2023,6,0.8246445497630331
e71065f1-265b-48f7-a03d-04c581fd05c7,6,14,2,32,2,32,3,3,model_e71065f1-265b-48f7-a03d-04c581fd05c7.pt,training_log_e71065f1-265b-48f7-a03d-04c581fd05c7.txt,/content/drive/MyDrive/StockPrediction/confusionMatrix/confusion_matrix_e71065f1-265b-48f7-a03d-04c581fd05c7.png,30,2019,0,2023,6,0.8199052132701422
a4ee03de-23ba-40fe-8c20-cd94bf4c1593,8,14,2,16,4,32,2,1,model_a4ee03de-23ba-40fe-8c20-cd94bf4c1593.pt,training_log_a4ee03de-23ba-40fe-8c20-cd94bf4c1593.txt,/content/drive/MyDrive/StockPrediction/confusionMatrix/confusion_matrix_a4ee03de-23ba-40fe-8c20-cd94bf4c1593.png,30,2019,0,2023,6,0.8199052132701422
29ad852b-563b-4ded-a427-71d8fba5e249,6,14,2,16,2,32,2,1,model_29ad852b-563b-4ded-a427-71d8fba5e249.pt,training_log_29ad852b-563b-4ded-a427-71d8fba5e249.txt,/content/drive/MyDrive/StockPrediction/confusionMatrix/confusion_matrix_29ad852b-563b-4ded-a427-71d8fba5e249.png,30,2019,0,2023,6,0.8199052132701422
004a4786-c813-43a1-9c25-1ad098e12efa,8,14,2,32,2,32,3,3,model_004a4786-c813-43a1-9c25-1ad098e12efa.pt,training_log_004a4786-c813-43a1-9c25-1ad098e12efa.txt,/content/drive/MyDrive/StockPrediction/confusionMatrix/confusion_matrix_004a4786-c813-43a1-9c25-1ad098e12efa.png,30,2019,0,2023,6,0.8199052132701422
4cd32aa0-5298-4aac-aa9f-5df98f941d20,6,14,2,16,2,32,3,3,model_4cd32aa0-5298-4aac-aa9f-5df98f941d20.pt,training_log_4cd32aa0-5298-4aac-aa9f-5df98f941d20.txt,/content/drive/MyDrive/StockPrediction/confusionMatrix/confusion_matrix_4cd32aa0-5298-4aac-aa9f-5df98f941d20.png,30,2019,0,2023,6,0.8151658767772512
0fe6f424-e13a-47aa-a89f-416e36881e40,8,14,2,16,2,32,3,1,model_0fe6f424-e13a-47aa-a89f-416e36881e40.pt,training_log_0fe6f424-e13a-47aa-a89f-416e36881e40.txt,/content/drive/MyDrive/StockPrediction/confusionMatrix/confusion_matrix_0fe6f424-e13a-47aa-a89f-416e36881e40.png,30,2019,0,2023,6,0.8151658767772512
d993e57c-aab4-4fac-b90b-7968aa1d5f1c,6,14,2,16,4,16,3,1,model_d993e57c-aab4-4fac-b90b-7968aa1d5f1c.pt,training_log_d993e57c-aab4-4fac-b90b-7968aa1d5f1c.txt,/content/drive/MyDrive/StockPrediction/confusionMatrix/confusion_matrix_d993e57c-aab4-4fac-b90b-7968aa1d5f1c.png,30,2019,0,2023,6,0.8151658767772512
69afc907-38a2-4749-b63b-8e0301d4f4b4,6,14,1,32,4,32,3,3,model_69afc907-38a2-4749-b63b-8e0301d4f4b4.pt,training_log_69afc907-38a2-4749-b63b-8e0301d4f4b4.txt,/content/drive/MyDrive/StockPrediction/confusionMatrix/confusion_matrix_69afc907-38a2-4749-b63b-8e0301d4f4b4.png,30,2019,0,2023,6,0.8151658767772512
c76e6417-d6c4-449a-9ad3-98b690b67122,6,14,2,16,2,16,2,1,model_c76e6417-d6c4-449a-9ad3-98b690b67122.pt,training_log_c76e6417-d6c4-449a-9ad3-98b690b67122.txt,/content/drive/MyDrive/StockPrediction/confusionMatrix/confusion_matrix_c76e6417-d6c4-449a-9ad3-98b690b67122.png,30,2019,0,2023,6,0.8151658767772512
0c199a46-4e06-4ea0-83f4-9922bca88880,6,14,2,16,2,16,3,1,model_0c199a46-4e06-4ea0-83f4-9922bca88880.pt,training_log_0c199a46-4e06-4ea0-83f4-9922bca88880.txt,/content/drive/MyDrive/StockPrediction/confusionMatrix/confusion_matrix_0c199a46-4e06-4ea0-83f4-9922bca88880.png,30,2019,0,2023,6,0.8151658767772512
cfc38921-3427-4d53-a52c-140c07e54941,6,14,1,32,2,32,3,3,model_cfc38921-3427-4d53-a52c-140c07e54941.pt,training_log_cfc38921-3427-4d53-a52c-140c07e54941.txt,/content/drive/MyDrive/StockPrediction/confusionMatrix/confusion_matrix_cfc38921-3427-4d53-a52c-140c07e54941.png,30,2019,0,2023,6,0.8151658767772512
b06aa8da-6417-47c8-a10e-0e2fdf850db8,8,14,1,16,4,16,2,1,model_b06aa8da-6417-47c8-a10e-0e2fdf850db8.pt,training_log_b06aa8da-6417-47c8-a10e-0e2fdf850db8.txt,/content/drive/MyDrive/StockPrediction/confusionMatrix/confusion_matrix_b06aa8da-6417-47c8-a10e-0e2fdf850db8.png,30,2019,0,2023,6,0.8151658767772512
d58e6b8b-1f00-4ee8-9f3b-9f19949b20a0,8,14,1,16,4,32,2,3,model_d58e6b8b-1f00-4ee8-9f3b-9f19949b20a0.pt,training_log_d58e6b8b-1f00-4ee8-9f3b-9f19949b20a0.txt,/content/drive/MyDrive/StockPrediction/confusionMatrix/confusion_matrix_d58e6b8b-1f00-4ee8-9f3b-9f19949b20a0.png,30,2019,0,2023,6,0.8151658767772512
1e8e4761-a33b-4b5d-b2f9-b8177fd87ff2,8,14,1,32,4,32,3,3,model_1e8e4761-a33b-4b5d-b2f9-b8177fd87ff2.pt,training_log_1e8e4761-a33b-4b5d-b2f9-b8177fd87ff2.txt,/content/drive/MyDrive/StockPrediction/confusionMatrix/confusion_matrix_1e8e4761-a33b-4b5d-b2f9-b8177fd87ff2.png,30,2019,0,2023,6,0.8104265402843602
65c98191-77d4-4afb-819d-9860f5602685,8,14,1,32,4,32,2,3,model_65c98191-77d4-4afb-819d-9860f5602685.pt,training_log_65c98191-77d4-4afb-819d-9860f5602685.txt,/content/drive/MyDrive/StockPrediction/confusionMatrix/confusion_matrix_65c98191-77d4-4afb-819d-9860f5602685.png,30,2019,0,2023,6,0.8104265402843602
e97d9423-2933-45dc-b491-54c6432dce2e,6,14,2,32,4,32,2,3,model_e97d9423-2933-45dc-b491-54c6432dce2e.pt,training_log_e97d9423-2933-45dc-b491-54c6432dce2e.txt,/content/drive/MyDrive/StockPrediction/confusionMatrix/confusion_matrix_e97d9423-2933-45dc-b491-54c6432dce2e.png,30,2019,0,2023,6,0.8104265402843602
53611e1a-f1ef-4ac4-85ba-d846062a99b5,6,14,2,32,4,32,3,3,model_53611e1a-f1ef-4ac4-85ba-d846062a99b5.pt,training_log_53611e1a-f1ef-4ac4-85ba-d846062a99b5.txt,/content/drive/MyDrive/StockPrediction/confusionMatrix/confusion_matrix_53611e1a-f1ef-4ac4-85ba-d846062a99b5.png,30,2019,0,2023,6,0.8104265402843602
7e73a680-0b06-444c-a18f-91817011c06e,6,14,1,16,4,16,2,1,model_7e73a680-0b06-444c-a18f-91817011c06e.pt,training_log_7e73a680-0b06-444c-a18f-91817011c06e.txt,/content/drive/MyDrive/StockPrediction/confusionMatrix/confusion_matrix_7e73a680-0b06-444c-a18f-91817011c06e.png,30,2019,0,2023,6,0.8104265402843602
f7cef08b-ac7f-40e7-9d96-ba9f76b885e7,8,14,2,16,4,32,3,1,model_f7cef08b-ac7f-40e7-9d96-ba9f76b885e7.pt,training_log_f7cef08b-ac7f-40e7-9d96-ba9f76b885e7.txt,/content/drive/MyDrive/StockPrediction/confusionMatrix/confusion_matrix_f7cef08b-ac7f-40e7-9d96-ba9f76b885e7.png,30,2019,0,2023,6,0.8104265402843602
002cf7d2-2a86-489e-b9d3-662bf1877788,8,14,2,16,4,16,2,1,model_002cf7d2-2a86-489e-b9d3-662bf1877788.pt,training_log_002cf7d2-2a86-489e-b9d3-662bf1877788.txt,/content/drive/MyDrive/StockPrediction/confusionMatrix/confusion_matrix_002cf7d2-2a86-489e-b9d3-662bf1877788.png,30,2019,0,2023,6,0.8104265402843602
ab585bbb-a806-42bd-a375-cf27556d88ae,8,14,1,32,4,32,3,1,model_ab585bbb-a806-42bd-a375-cf27556d88ae.pt,training_log_ab585bbb-a806-42bd-a375-cf27556d88ae.txt,/content/drive/MyDrive/StockPrediction/confusionMatrix/confusion_matrix_ab585bbb-a806-42bd-a375-cf27556d88ae.png,30,2019,0,2023,6,0.8104265402843602
9e80e6b1-0fa7-4b76-8f84-e5d59a0f2daf,8,14,1,16,4,16,3,1,model_9e80e6b1-0fa7-4b76-8f84-e5d59a0f2daf.pt,training_log_9e80e6b1-0fa7-4b76-8f84-e5d59a0f2daf.txt,/content/drive/MyDrive/StockPrediction/confusionMatrix/confusion_matrix_9e80e6b1-0fa7-4b76-8f84-e5d59a0f2daf.png,30,2019,0,2023,6,0.8056872037914692
04482c7c-5171-4890-b6f1-e00f14f372de,6,14,1,16,2,32,2,3,model_04482c7c-5171-4890-b6f1-e00f14f372de.pt,training_log_04482c7c-5171-4890-b6f1-e00f14f372de.txt,/content/drive/MyDrive/StockPrediction/confusionMatrix/confusion_matrix_04482c7c-5171-4890-b6f1-e00f14f372de.png,30,2019,0,2023,6,0.8056872037914692
539284e4-4c6a-44bd-98b5-ffb7d8461fb1,6,14,1,16,4,32,2,1,model_539284e4-4c6a-44bd-98b5-ffb7d8461fb1.pt,training_log_539284e4-4c6a-44bd-98b5-ffb7d8461fb1.txt,/content/drive/MyDrive/StockPrediction/confusionMatrix/confusion_matrix_539284e4-4c6a-44bd-98b5-ffb7d8461fb1.png,30,2019,0,2023,6,0.8056872037914692
17e50334-6bc8-422b-9ead-52762994394e,6,14,1,16,4,16,3,3,model_17e50334-6bc8-422b-9ead-52762994394e.pt,training_log_17e50334-6bc8-422b-9ead-52762994394e.txt,/content/drive/MyDrive/StockPrediction/confusionMatrix/confusion_matrix_17e50334-6bc8-422b-9ead-52762994394e.png,30,2019,0,2023,6,0.8056872037914692
b77a0af0-3b74-4d2b-817d-55ea156c37ea,6,14,1,16,4,32,2,3,model_b77a0af0-3b74-4d2b-817d-55ea156c37ea.pt,training_log_b77a0af0-3b74-4d2b-817d-55ea156c37ea.txt,/content/drive/MyDrive/StockPrediction/confusionMatrix/confusion_matrix_b77a0af0-3b74-4d2b-817d-55ea156c37ea.png,30,2019,0,2023,6,0.8056872037914692
76e482b2-0700-4867-b85e-c2fd9bbf7c36,8,14,2,32,4,32,2,1,model_76e482b2-0700-4867-b85e-c2fd9bbf7c36.pt,training_log_76e482b2-0700-4867-b85e-c2fd9bbf7c36.txt,/content/drive/MyDrive/StockPrediction/confusionMatrix/confusion_matrix_76e482b2-0700-4867-b85e-c2fd9bbf7c36.png,30,2019,0,2023,6,0.8056872037914692
e9a6f152-ac54-4b7b-bdbb-c2ef6c899b02,8,14,2,32,2,32,2,3,model_e9a6f152-ac54-4b7b-bdbb-c2ef6c899b02.pt,training_log_e9a6f152-ac54-4b7b-bdbb-c2ef6c899b02.txt,/content/drive/MyDrive/StockPrediction/confusionMatrix/confusion_matrix_e9a6f152-ac54-4b7b-bdbb-c2ef6c899b02.png,30,2019,0,2023,6,0.8056872037914692
a167b3eb-3f63-4509-b121-6ac8a3a79268,6,14,2,32,4,32,2,1,model_a167b3eb-3f63-4509-b121-6ac8a3a79268.pt,training_log_a167b3eb-3f63-4509-b121-6ac8a3a79268.txt,/content/drive/MyDrive/StockPrediction/confusionMatrix/confusion_matrix_a167b3eb-3f63-4509-b121-6ac8a3a79268.png,30,2019,0,2023,6,0.8056872037914692
e69d591e-1f2d-4884-87dd-08e7e8a6df4f,8,14,2,16,2,16,3,3,model_e69d591e-1f2d-4884-87dd-08e7e8a6df4f.pt,training_log_e69d591e-1f2d-4884-87dd-08e7e8a6df4f.txt,/content/drive/MyDrive/StockPrediction/confusionMatrix/confusion_matrix_e69d591e-1f2d-4884-87dd-08e7e8a6df4f.png,30,2019,0,2023,6,0.8056872037914692
ae22f918-ca3e-473d-a470-6fecb5d3e538,8,14,2,16,2,32,2,3,model_ae22f918-ca3e-473d-a470-6fecb5d3e538.pt,training_log_ae22f918-ca3e-473d-a470-6fecb5d3e538.txt,/content/drive/MyDrive/StockPrediction/confusionMatrix/confusion_matrix_ae22f918-ca3e-473d-a470-6fecb5d3e538.png,30,2019,0,2023,6,0.8056872037914692
96e3414d-c9d5-4c61-871f-a71935e41f30,8,14,2,32,4,32,3,1,model_96e3414d-c9d5-4c61-871f-a71935e41f30.pt,training_log_96e3414d-c9d5-4c61-871f-a71935e41f30.txt,/content/drive/MyDrive/StockPrediction/confusionMatrix/confusion_matrix_96e3414d-c9d5-4c61-871f-a71935e41f30.png,30,2019,0,2023,6,0.8056872037914692
16404d07-772a-49aa-9716-ba2917edbb64,6,14,2,16,2,32,3,1,model_16404d07-772a-49aa-9716-ba2917edbb64.pt,training_log_16404d07-772a-49aa-9716-ba2917edbb64.txt,/content/drive/MyDrive/StockPrediction/confusionMatrix/confusion_matrix_16404d07-772a-49aa-9716-ba2917edbb64.png,30,2019,0,2023,6,0.8056872037914692
5ab16450-48c8-40c4-807b-c4d68e532400,8,14,2,16,2,16,2,1,model_5ab16450-48c8-40c4-807b-c4d68e532400.pt,training_log_5ab16450-48c8-40c4-807b-c4d68e532400.txt,/content/drive/MyDrive/StockPrediction/confusionMatrix/confusion_matrix_5ab16450-48c8-40c4-807b-c4d68e532400.png,30,2019,0,2023,6,0.8056872037914692
ceefaac8-c8bb-4170-9625-dc6bb6ae5cf2,6,14,2,16,4,32,2,1,model_ceefaac8-c8bb-4170-9625-dc6bb6ae5cf2.pt,training_log_ceefaac8-c8bb-4170-9625-dc6bb6ae5cf2.txt,/content/drive/MyDrive/StockPrediction/confusionMatrix/confusion_matrix_ceefaac8-c8bb-4170-9625-dc6bb6ae5cf2.png,30,2019,0,2023,6,0.8056872037914692
4b49e39a-3b07-489e-bcb6-bd6070c3ebd0,6,14,1,16,4,32,3,1,model_4b49e39a-3b07-489e-bcb6-bd6070c3ebd0.pt,training_log_4b49e39a-3b07-489e-bcb6-bd6070c3ebd0.txt,/content/drive/MyDrive/StockPrediction/confusionMatrix/confusion_matrix_4b49e39a-3b07-489e-bcb6-bd6070c3ebd0.png,30,2019,0,2023,6,0.8009478672985783
80450e46-ee83-4a79-91cb-9efbc9e77de5,8,14,2,16,2,32,3,3,model_80450e46-ee83-4a79-91cb-9efbc9e77de5.pt,training_log_80450e46-ee83-4a79-91cb-9efbc9e77de5.txt,/content/drive/MyDrive/StockPrediction/confusionMatrix/confusion_matrix_80450e46-ee83-4a79-91cb-9efbc9e77de5.png,30,2019,0,2023,6,0.8009478672985783
a374ca36-84dd-4953-beec-e82ff6ed1df5,6,14,1,32,4,32,3,1,model_a374ca36-84dd-4953-beec-e82ff6ed1df5.pt,training_log_a374ca36-84dd-4953-beec-e82ff6ed1df5.txt,/content/drive/MyDrive/StockPrediction/confusionMatrix/confusion_matrix_a374ca36-84dd-4953-beec-e82ff6ed1df5.png,30,2019,0,2023,6,0.8009478672985783
3ebdaf98-e2d1-4ae1-8b93-2c882df5fd32,8,14,2,32,4,32,2,3,model_3ebdaf98-e2d1-4ae1-8b93-2c882df5fd32.pt,training_log_3ebdaf98-e2d1-4ae1-8b93-2c882df5fd32.txt,/content/drive/MyDrive/StockPrediction/confusionMatrix/confusion_matrix_3ebdaf98-e2d1-4ae1-8b93-2c882df5fd32.png,30,2019,0,2023,6,0.8009478672985783
d8cc9883-ce90-4afe-abb9-1978c677e6ed,8,14,1,16,4,32,3,1,model_d8cc9883-ce90-4afe-abb9-1978c677e6ed.pt,training_log_d8cc9883-ce90-4afe-abb9-1978c677e6ed.txt,/content/drive/MyDrive/StockPrediction/confusionMatrix/confusion_matrix_d8cc9883-ce90-4afe-abb9-1978c677e6ed.png,30,2019,0,2023,6,0.8009478672985783
4fd7f73a-3e01-4382-8e91-f0794a73fec7,6,14,2,32,4,32,3,1,model_4fd7f73a-3e01-4382-8e91-f0794a73fec7.pt,training_log_4fd7f73a-3e01-4382-8e91-f0794a73fec7.txt,/content/drive/MyDrive/StockPrediction/confusionMatrix/confusion_matrix_4fd7f73a-3e01-4382-8e91-f0794a73fec7.png,30,2019,0,2023,6,0.8009478672985783
d01bf27b-07ff-47fc-a37d-85a99458b299,6,14,2,16,4,16,3,3,model_d01bf27b-07ff-47fc-a37d-85a99458b299.pt,training_log_d01bf27b-07ff-47fc-a37d-85a99458b299.txt,/content/drive/MyDrive/StockPrediction/confusionMatrix/confusion_matrix_d01bf27b-07ff-47fc-a37d-85a99458b299.png,30,2019,0,2023,6,0.8009478672985783
8ebb35a2-60a3-4ea5-90da-cd2ef79d28a1,8,14,2,16,4,32,2,3,model_8ebb35a2-60a3-4ea5-90da-cd2ef79d28a1.pt,training_log_8ebb35a2-60a3-4ea5-90da-cd2ef79d28a1.txt,/content/drive/MyDrive/StockPrediction/confusionMatrix/confusion_matrix_8ebb35a2-60a3-4ea5-90da-cd2ef79d28a1.png,30,2019,0,2023,6,0.8009478672985783
270ee2d0-e353-4cb9-84ce-34638721777b,6,14,1,16,2,32,2,1,model_270ee2d0-e353-4cb9-84ce-34638721777b.pt,training_log_270ee2d0-e353-4cb9-84ce-34638721777b.txt,/content/drive/MyDrive/StockPrediction/confusionMatrix/confusion_matrix_270ee2d0-e353-4cb9-84ce-34638721777b.png,30,2019,0,2023,6,0.7962085308056872
7348af50-38e5-4409-bee1-90e0ac2728ba,8,14,1,32,2,32,2,3,model_7348af50-38e5-4409-bee1-90e0ac2728ba.pt,training_log_7348af50-38e5-4409-bee1-90e0ac2728ba.txt,/content/drive/MyDrive/StockPrediction/confusionMatrix/confusion_matrix_7348af50-38e5-4409-bee1-90e0ac2728ba.png,30,2019,0,2023,6,0.7962085308056872
31d890b2-ce01-4f81-b05d-4c258128f23f,6,14,1,16,4,16,3,1,model_31d890b2-ce01-4f81-b05d-4c258128f23f.pt,training_log_31d890b2-ce01-4f81-b05d-4c258128f23f.txt,/content/drive/MyDrive/StockPrediction/confusionMatrix/confusion_matrix_31d890b2-ce01-4f81-b05d-4c258128f23f.png,30,2019,0,2023,6,0.7962085308056872
4d698d3b-1428-4ff2-9dd4-b0b59e457ac9,8,14,2,16,2,16,2,3,model_4d698d3b-1428-4ff2-9dd4-b0b59e457ac9.pt,training_log_4d698d3b-1428-4ff2-9dd4-b0b59e457ac9.txt,/content/drive/MyDrive/StockPrediction/confusionMatrix/confusion_matrix_4d698d3b-1428-4ff2-9dd4-b0b59e457ac9.png,30,2019,0,2023,6,0.7962085308056872
a88243f8-2d76-4466-b5a7-255d9dd76248,6,14,2,32,2,32,2,3,model_a88243f8-2d76-4466-b5a7-255d9dd76248.pt,training_log_a88243f8-2d76-4466-b5a7-255d9dd76248.txt,/content/drive/MyDrive/StockPrediction/confusionMatrix/confusion_matrix_a88243f8-2d76-4466-b5a7-255d9dd76248.png,30,2019,0,2023,6,0.7962085308056872
773241d5-540c-49f5-9308-c76e7a771bbf,8,14,1,16,4,16,2,3,model_773241d5-540c-49f5-9308-c76e7a771bbf.pt,training_log_773241d5-540c-49f5-9308-c76e7a771bbf.txt,/content/drive/MyDrive/StockPrediction/confusionMatrix/confusion_matrix_773241d5-540c-49f5-9308-c76e7a771bbf.png,30,2019,0,2023,6,0.7962085308056872
45667996-4e5c-4818-8d93-45c7c4dfe5f0,8,14,1,32,2,32,3,3,model_45667996-4e5c-4818-8d93-45c7c4dfe5f0.pt,training_log_45667996-4e5c-4818-8d93-45c7c4dfe5f0.txt,/content/drive/MyDrive/StockPrediction/confusionMatrix/confusion_matrix_45667996-4e5c-4818-8d93-45c7c4dfe5f0.png,30,2019,0,2023,6,0.7962085308056872
68c49acb-7fe9-4a10-8d54-27026ba9f7ca,8,14,1,16,2,16,3,3,model_68c49acb-7fe9-4a10-8d54-27026ba9f7ca.pt,training_log_68c49acb-7fe9-4a10-8d54-27026ba9f7ca.txt,/content/drive/MyDrive/StockPrediction/confusionMatrix/confusion_matrix_68c49acb-7fe9-4a10-8d54-27026ba9f7ca.png,30,2019,0,2023,6,0.7962085308056872
285dd945-06d1-45b0-a852-1271b680db42,8,14,2,32,2,32,2,1,model_285dd945-06d1-45b0-a852-1271b680db42.pt,training_log_285dd945-06d1-45b0-a852-1271b680db42.txt,/content/drive/MyDrive/StockPrediction/confusionMatrix/confusion_matrix_285dd945-06d1-45b0-a852-1271b680db42.png,30,2019,0,2023,6,0.7914691943127962
c95ca1a2-3b65-4d36-86b3-c780b77f159b,6,14,2,16,4,16,2,3,model_c95ca1a2-3b65-4d36-86b3-c780b77f159b.pt,training_log_c95ca1a2-3b65-4d36-86b3-c780b77f159b.txt,/content/drive/MyDrive/StockPrediction/confusionMatrix/confusion_matrix_c95ca1a2-3b65-4d36-86b3-c780b77f159b.png,30,2019,0,2023,6,0.7914691943127962
404157f4-4f83-4dfb-b0a0-ba752f3f9146,6,14,2,32,2,32,2,1,model_404157f4-4f83-4dfb-b0a0-ba752f3f9146.pt,training_log_404157f4-4f83-4dfb-b0a0-ba752f3f9146.txt,/content/drive/MyDrive/StockPrediction/confusionMatrix/confusion_matrix_404157f4-4f83-4dfb-b0a0-ba752f3f9146.png,30,2019,0,2023,6,0.7914691943127962
5d1ad88f-1906-46c5-ab6c-dacb77b2bcd6,6,14,1,16,4,16,2,3,model_5d1ad88f-1906-46c5-ab6c-dacb77b2bcd6.pt,training_log_5d1ad88f-1906-46c5-ab6c-dacb77b2bcd6.txt,/content/drive/MyDrive/StockPrediction/confusionMatrix/confusion_matrix_5d1ad88f-1906-46c5-ab6c-dacb77b2bcd6.png,30,2019,0,2023,6,0.7914691943127962
3f33d422-3d29-42d1-a050-133b595f9cb3,6,14,1,32,4,32,2,1,model_3f33d422-3d29-42d1-a050-133b595f9cb3.pt,training_log_3f33d422-3d29-42d1-a050-133b595f9cb3.txt,/content/drive/MyDrive/StockPrediction/confusionMatrix/confusion_matrix_3f33d422-3d29-42d1-a050-133b595f9cb3.png,30,2019,0,2023,6,0.7914691943127962
4c3fdd51-7aaa-499c-93b0-d18ed7bf48a6,8,14,2,16,4,32,3,3,model_4c3fdd51-7aaa-499c-93b0-d18ed7bf48a6.pt,training_log_4c3fdd51-7aaa-499c-93b0-d18ed7bf48a6.txt,/content/drive/MyDrive/StockPrediction/confusionMatrix/confusion_matrix_4c3fdd51-7aaa-499c-93b0-d18ed7bf48a6.png,30,2019,0,2023,6,0.7914691943127962
8f083bb9-75ec-4184-a88a-a2b51f27dc11,8,14,1,16,2,16,2,1,model_8f083bb9-75ec-4184-a88a-a2b51f27dc11.pt,training_log_8f083bb9-75ec-4184-a88a-a2b51f27dc11.txt,/content/drive/MyDrive/StockPrediction/confusionMatrix/confusion_matrix_8f083bb9-75ec-4184-a88a-a2b51f27dc11.png,30,2019,0,2023,6,0.7914691943127962
89896d99-2f85-4b4c-8cef-d32214ff3b10,8,14,1,32,4,32,2,1,model_89896d99-2f85-4b4c-8cef-d32214ff3b10.pt,training_log_89896d99-2f85-4b4c-8cef-d32214ff3b10.txt,/content/drive/MyDrive/StockPrediction/confusionMatrix/confusion_matrix_89896d99-2f85-4b4c-8cef-d32214ff3b10.png,30,2019,0,2023,6,0.7914691943127962
5c1ba359-bbf5-428f-a91e-8eda75432971,8,14,1,16,2,32,3,1,model_5c1ba359-bbf5-428f-a91e-8eda75432971.pt,training_log_5c1ba359-bbf5-428f-a91e-8eda75432971.txt,/content/drive/MyDrive/StockPrediction/confusionMatrix/confusion_matrix_5c1ba359-bbf5-428f-a91e-8eda75432971.png,30,2019,0,2023,6,0.7867298578199052
c2fb35c5-cbc7-45e0-8205-06bf42ea1cc0,6,14,2,16,4,32,3,1,model_c2fb35c5-cbc7-45e0-8205-06bf42ea1cc0.pt,training_log_c2fb35c5-cbc7-45e0-8205-06bf42ea1cc0.txt,/content/drive/MyDrive/StockPrediction/confusionMatrix/confusion_matrix_c2fb35c5-cbc7-45e0-8205-06bf42ea1cc0.png,30,2019,0,2023,6,0.7867298578199052
03e498bd-8762-4cd5-987f-c238e46dcd3b,6,14,1,32,4,32,2,3,model_03e498bd-8762-4cd5-987f-c238e46dcd3b.pt,training_log_03e498bd-8762-4cd5-987f-c238e46dcd3b.txt,/content/drive/MyDrive/StockPrediction/confusionMatrix/confusion_matrix_03e498bd-8762-4cd5-987f-c238e46dcd3b.png,30,2019,0,2023,6,0.7867298578199052
76779a69-ad33-4224-9956-38c6bcbf2368,6,14,2,16,2,16,2,3,model_76779a69-ad33-4224-9956-38c6bcbf2368.pt,training_log_76779a69-ad33-4224-9956-38c6bcbf2368.txt,/content/drive/MyDrive/StockPrediction/confusionMatrix/confusion_matrix_76779a69-ad33-4224-9956-38c6bcbf2368.png,30,2019,0,2023,6,0.7819905213270142
2869d97b-1dcc-4776-b103-36c8780b8a10,8,14,2,32,4,32,3,3,model_2869d97b-1dcc-4776-b103-36c8780b8a10.pt,training_log_2869d97b-1dcc-4776-b103-36c8780b8a10.txt,/content/drive/MyDrive/StockPrediction/confusionMatrix/confusion_matrix_2869d97b-1dcc-4776-b103-36c8780b8a10.png,30,2019,0,2023,6,0.7819905213270142
ce8e23c5-4b73-4c05-bfd3-0ce699d57448,8,14,1,16,4,32,3,3,model_ce8e23c5-4b73-4c05-bfd3-0ce699d57448.pt,training_log_ce8e23c5-4b73-4c05-bfd3-0ce699d57448.txt,/content/drive/MyDrive/StockPrediction/confusionMatrix/confusion_matrix_ce8e23c5-4b73-4c05-bfd3-0ce699d57448.png,30,2019,0,2023,6,0.7819905213270142
42171254-a88b-4353-af82-723757f8a894,8,14,2,16,4,16,2,3,model_42171254-a88b-4353-af82-723757f8a894.pt,training_log_42171254-a88b-4353-af82-723757f8a894.txt,/content/drive/MyDrive/StockPrediction/confusionMatrix/confusion_matrix_42171254-a88b-4353-af82-723757f8a894.png,30,2019,0,2023,6,0.7819905213270142
c343b47b-f3ec-4813-a4eb-175ab0d80a24,6,14,1,16,2,16,2,3,model_c343b47b-f3ec-4813-a4eb-175ab0d80a24.pt,training_log_c343b47b-f3ec-4813-a4eb-175ab0d80a24.txt,/content/drive/MyDrive/StockPrediction/confusionMatrix/confusion_matrix_c343b47b-f3ec-4813-a4eb-175ab0d80a24.png,30,2019,0,2023,6,0.7819905213270142
40166072-7084-4892-9b81-3539b4b1e909,6,14,1,32,2,32,2,3,model_40166072-7084-4892-9b81-3539b4b1e909.pt,training_log_40166072-7084-4892-9b81-3539b4b1e909.txt,/content/drive/MyDrive/StockPrediction/confusionMatrix/confusion_matrix_40166072-7084-4892-9b81-3539b4b1e909.png,30,2019,0,2023,6,0.7819905213270142
96e9c060-2501-47d6-8fc9-199089646f83,6,14,2,16,4,32,2,3,model_96e9c060-2501-47d6-8fc9-199089646f83.pt,training_log_96e9c060-2501-47d6-8fc9-199089646f83.txt,/content/drive/MyDrive/StockPrediction/confusionMatrix/confusion_matrix_96e9c060-2501-47d6-8fc9-199089646f83.png,30,2019,0,2023,6,0.7819905213270142
fcbf8c9e-4aa2-456b-9c56-7db57cbef8ae,8,14,1,16,2,32,3,3,model_fcbf8c9e-4aa2-456b-9c56-7db57cbef8ae.pt,training_log_fcbf8c9e-4aa2-456b-9c56-7db57cbef8ae.txt,/content/drive/MyDrive/StockPrediction/confusionMatrix/confusion_matrix_fcbf8c9e-4aa2-456b-9c56-7db57cbef8ae.png,30,2019,0,2023,6,0.7819905213270142
0e39981a-8aa9-428a-8e25-56171d0325a0,8,14,2,16,2,32,2,1,model_0e39981a-8aa9-428a-8e25-56171d0325a0.pt,training_log_0e39981a-8aa9-428a-8e25-56171d0325a0.txt,/content/drive/MyDrive/StockPrediction/confusionMatrix/confusion_matrix_0e39981a-8aa9-428a-8e25-56171d0325a0.png,30,2019,0,2023,6,0.7772511848341233
20a7395b-a43d-483a-b7e6-58445d969c20,6,14,2,16,4,32,3,3,model_20a7395b-a43d-483a-b7e6-58445d969c20.pt,training_log_20a7395b-a43d-483a-b7e6-58445d969c20.txt,/content/drive/MyDrive/StockPrediction/confusionMatrix/confusion_matrix_20a7395b-a43d-483a-b7e6-58445d969c20.png,30,2019,0,2023,6,0.7772511848341233
030d84b7-db02-4913-817e-0b884e5ae8fc,6,14,1,16,2,16,2,1,model_030d84b7-db02-4913-817e-0b884e5ae8fc.pt,training_log_030d84b7-db02-4913-817e-0b884e5ae8fc.txt,/content/drive/MyDrive/StockPrediction/confusionMatrix/confusion_matrix_030d84b7-db02-4913-817e-0b884e5ae8fc.png,30,2019,0,2023,6,0.7725118483412322
a0be82e8-a7ba-437a-ab0c-22e5e0ed251d,8,14,2,16,4,16,3,1,model_a0be82e8-a7ba-437a-ab0c-22e5e0ed251d.pt,training_log_a0be82e8-a7ba-437a-ab0c-22e5e0ed251d.txt,/content/drive/MyDrive/StockPrediction/confusionMatrix/confusion_matrix_a0be82e8-a7ba-437a-ab0c-22e5e0ed251d.png,30,2019,0,2023,6,0.7725118483412322
254cd89c-7938-4d45-be7a-6a00bfe89245,8,14,1,16,4,16,3,3,model_254cd89c-7938-4d45-be7a-6a00bfe89245.pt,training_log_254cd89c-7938-4d45-be7a-6a00bfe89245.txt,/content/drive/MyDrive/StockPrediction/confusionMatrix/confusion_matrix_254cd89c-7938-4d45-be7a-6a00bfe89245.png,30,2019,0,2023,6,0.7677725118483413
df9415ce-faa9-44cb-a969-1298be16b777,8,14,1,16,2,32,2,1,model_df9415ce-faa9-44cb-a969-1298be16b777.pt,training_log_df9415ce-faa9-44cb-a969-1298be16b777.txt,/content/drive/MyDrive/StockPrediction/confusionMatrix/confusion_matrix_df9415ce-faa9-44cb-a969-1298be16b777.png,30,2019,0,2023,6,0.7677725118483413
8db81880-0c7e-4659-89a3-878d7edc25c0,6,14,2,16,2,16,3,3,model_8db81880-0c7e-4659-89a3-878d7edc25c0.pt,training_log_8db81880-0c7e-4659-89a3-878d7edc25c0.txt,/content/drive/MyDrive/StockPrediction/confusionMatrix/confusion_matrix_8db81880-0c7e-4659-89a3-878d7edc25c0.png,30,2019,0,2023,6,0.7677725118483413
15aadc3a-b64f-4af4-b5e4-2e807e46d8f3,8,14,1,32,2,32,3,1,model_15aadc3a-b64f-4af4-b5e4-2e807e46d8f3.pt,training_log_15aadc3a-b64f-4af4-b5e4-2e807e46d8f3.txt,/content/drive/MyDrive/StockPrediction/confusionMatrix/confusion_matrix_15aadc3a-b64f-4af4-b5e4-2e807e46d8f3.png,30,2019,0,2023,6,0.7677725118483413
001794d8-a3d4-4ff0-bd30-54e643637471,6,14,1,16,2,32,3,1,model_001794d8-a3d4-4ff0-bd30-54e643637471.pt,training_log_001794d8-a3d4-4ff0-bd30-54e643637471.txt,/content/drive/MyDrive/StockPrediction/confusionMatrix/confusion_matrix_001794d8-a3d4-4ff0-bd30-54e643637471.png,30,2019,0,2023,6,0.7630331753554502
df5b0ecb-0ba8-4b74-b05f-6332b7721e02,6,14,2,32,2,32,3,1,model_df5b0ecb-0ba8-4b74-b05f-6332b7721e02.pt,training_log_df5b0ecb-0ba8-4b74-b05f-6332b7721e02.txt,/content/drive/MyDrive/StockPrediction/confusionMatrix/confusion_matrix_df5b0ecb-0ba8-4b74-b05f-6332b7721e02.png,30,2019,0,2023,6,0.7630331753554502
108a9317-0a62-4224-9436-b66ae87e899c,8,14,1,16,2,16,3,1,model_108a9317-0a62-4224-9436-b66ae87e899c.pt,training_log_108a9317-0a62-4224-9436-b66ae87e899c.txt,/content/drive/MyDrive/StockPrediction/confusionMatrix/confusion_matrix_108a9317-0a62-4224-9436-b66ae87e899c.png,30,2019,0,2023,6,0.7535545023696683
ece18f78-ab10-4f14-b045-d5406149fa37,8,14,2,16,4,16,3,3,model_ece18f78-ab10-4f14-b045-d5406149fa37.pt,training_log_ece18f78-ab10-4f14-b045-d5406149fa37.txt,/content/drive/MyDrive/StockPrediction/confusionMatrix/confusion_matrix_ece18f78-ab10-4f14-b045-d5406149fa37.png,30,2019,0,2023,6,0.7488151658767772
fb599653-58c2-473b-b30d-f9db2773506c,6,14,1,16,4,32,3,3,model_fb599653-58c2-473b-b30d-f9db2773506c.pt,training_log_fb599653-58c2-473b-b30d-f9db2773506c.txt,/content/drive/MyDrive/StockPrediction/confusionMatrix/confusion_matrix_fb599653-58c2-473b-b30d-f9db2773506c.png,30,2019,0,2023,6,0.7440758293838863
ea769360-ee13-4ff3-beea-d37ed9be96a7,8,14,2,32,2,32,3,1,model_ea769360-ee13-4ff3-beea-d37ed9be96a7.pt,training_log_ea769360-ee13-4ff3-beea-d37ed9be96a7.txt,/content/drive/MyDrive/StockPrediction/confusionMatrix/confusion_matrix_ea769360-ee13-4ff3-beea-d37ed9be96a7.png,30,2019,0,2023,6,0.7298578199052133
